[
  {
    "id": "flow1",
    "type": "tab",
    "label": "Water Quality Dashboard",
    "disabled": false,
    "info": ""
  },
  {
    "id": "mqtt_temp",
    "type": "mqtt in",
    "z": "flow1",
    "name": "Temperature",
    "topic": "water/temperature",
    "qos": "0",
    "datatype": "auto",
    "broker": "mqtt_local",
    "x": 120,
    "y": 60,
    "wires": [["ui_temp"]]
  },
  {
    "id": "ui_temp",
    "type": "ui_gauge",
    "z": "flow1",
    "name": "",
    "group": "ui_group",
    "order": 1,
    "width": 6,
    "height": 2,
    "gtype": "gage",
    "title": "Water Temperature (°C)",
    "label": "°C",
    "format": "{{value}}",
    "min": "0",
    "max": "50",
    "colors": ["#00b500", "#e6e600", "#ca3838"],
    "x": 370,
    "y": 60,
    "wires": []
  },
  {
    "id": "mqtt_ph",
    "type": "mqtt in",
    "z": "flow1",
    "name": "pH",
    "topic": "water/ph",
    "qos": "0",
    "datatype": "auto",
    "broker": "mqtt_local",
    "x": 90,
    "y": 120,
    "wires": [["ui_ph"]]
  },
  {
    "id": "ui_ph",
    "type": "ui_gauge",
    "z": "flow1",
    "name": "",
    "group": "ui_group",
    "order": 2,
    "width": 6,
    "height": 2,
    "gtype": "gage",
    "title": "pH Level",
    "label": "pH",
    "format": "{{value}}",
    "min": "0",
    "max": "14",
    "colors": ["#ca3838", "#00b500", "#ca3838"],
    "x": 360,
    "y": 120,
    "wires": []
  },
  {
    "id": "mqtt_tds",
    "type": "mqtt in",
    "z": "flow1",
    "name": "TDS",
    "topic": "water/tds",
    "qos": "0",
    "datatype": "auto",
    "broker": "mqtt_local",
    "x": 90,
    "y": 180,
    "wires": [["ui_tds"]]
  },
  {
    "id": "ui_tds",
    "type": "ui_gauge",
    "z": "flow1",
    "name": "",
    "group": "ui_group",
    "order": 3,
    "width": 6,
    "height": 2,
    "gtype": "gage",
    "title": "TDS (ppm)",
    "label": "ppm",
    "format": "{{value}}",
    "min": "0",
    "max": "1000",
    "colors": ["#00b500", "#e6e600", "#ca3838"],
    "x": 360,
    "y": 180,
    "wires": []
  },
  {
    "id": "mqtt_turbidity",
    "type": "mqtt in",
    "z": "flow1",
    "name": "Turbidity",
    "topic": "water/turbidity",
    "qos": "0",
    "datatype": "auto",
    "broker": "mqtt_local",
    "x": 100,
    "y": 240,
    "wires": [["ui_turbidity"]]
  },
  {
    "id": "ui_turbidity",
    "type": "ui_gauge",
    "z": "flow1",
    "name": "",
    "group": "ui_group",
    "order": 4,
    "width": 6,
    "height": 2,
    "gtype": "gage",
    "title": "Turbidity",
    "label": "NTU",
    "format": "{{value}}",
    "min": "0",
    "max": "500",
    "colors": ["#00b500", "#e6e600", "#ca3838"],
    "x": 370,
    "y": 240,
    "wires": []
  },
  {
    "id": "mqtt_local",
    "type": "mqtt-broker",
    "name": "Local MQTT",
    "broker": "localhost",
    "port": "1883",
    "clientid": "node-red-water",
    "usetls": false,
    "keepalive": "60",
    "cleansession": true,
    "birthTopic": "",
    "birthQos": "0",
    "birthRetain": "false",
    "closeTopic": "",
    "closeQos": "0",
    "closeRetain": "false",
    "willTopic": "",
    "willQos": "0",
    "willRetain": "false"
  },
  {
    "id": "ui_group",
    "type": "ui_group",
    "name": "Sensor Dashboard",
    "tab": "ui_tab",
    "order": 1,
    "disp": true,
    "width": "6",
    "collapse": false
  },
  {
    "id": "ui_tab",
    "type": "ui_tab",
    "name": "Water Quality",
    "icon": "dashboard",
    "order": 1
  }
]